name,mfId,amc,aum,expRatio,ageInMon,navClose,benchmarkIndex,exitLoad,ret3m,ret6m,ret1y,ret3y,ret5y,ret10y,alpha,sharpe,sortino,stdDevAnn,catStdDevAnn,trackErr,pe,catPe,percEquityH,percMidcap,percLargecap,percSmallcap,percDebtH,percOtherH,riskClassification
HDFC Mid Cap Fund,M_HDCMS,HDFC Asset Management Company Limited,97350.4842,0.73,163,227.179,Nifty Midcap 150 - TRI,1,12.048828606658446,0.959470269309391,4.882181307824411,20.662715025099597,20.702247365279725,18.4985052268974,0.76,0.09207214562504774,0.0092,13.871144973649436,15.264744717209721,4.555983757653225,25.9024,33.757245933014374,92.47727213667002,66.78329299978971,10.044254612962664,15.649724523917676,0,0,Very High
Kotak Midcap Fund,M_KORY,Kotak Mahindra Asset Management Company Limited,64749.42480000001,0.39,163,168.007,Nifty Midcap 150 - TRI,1,15.83893542937912,5.50022606249373,6.561504991691086,20.86699261399969,18.46545809965745,18.75175376192835,1.71,0.21430585619623185,0.0219,15.618928289738705,15.264744717209721,3.6955854312950205,28.1522,33.757245933014374,98.0877209275224,61.16687618821903,20.060366003436666,16.8604787358667,0,0,Very High
Nippon India Growth Mid Cap Fund,M_NIGR,Nippon Life India Asset Management Limited,47415.4136,0.73,163,823.2037,Nifty Midcap 150 - TRI,1,15.527940809317872,6.01842461089726,7.214115211416114,23.100791765480942,21.47575576839862,19.323160504462898,1.9300000000000002,0.26351683058203323,0.0269,15.74116200030989,15.264744717209721,2.7066035912190767,29.3445,33.757245933014374,98.68885971718946,58.073704764812156,27.714369032474497,12.900785919902788,0,0,Very High
Motilal Oswal Midcap Fund,M_MOLS,Motilal Oswal Asset Management Company Limited,36458.2077,0.75,150,109.2744,Nifty Midcap 150 - TRI,1,14.286192395102427,-4.070876012627342,-8.795188465939583,18.734334849167887,23.001457543773228,17.504157922124854,-4.77,-0.6937159937611357,-0.0731,18.471577353328545,15.264744717209721,7.915029622180829,44.9202,33.757245933014374,93.37219722954178,67.23534903774217,26.136848191799608,0,0,0,Very High
Axis Midcap Fund,M_AXMI,Axis Asset Management Company Ltd.,32852.1282,0.57,163,139.92,BSE 150 MidCap - TRI,1,14.622757434259029,5.719682659614653,4.856115107913661,18.050679939980686,15.66091404033838,18.08140910878673,3.9899999999999998,0.090484694838409,0.0092,14.293406882895345,15.264744717209721,6.686342713322434,39.1342,33.757245933014374,91.19193586064235,65.52776723000856,22.086468763384428,3.5776998672493927,0,0,Very High
SBI Midcap Fund,M_SBIAU,SBI Funds Management Limited,23416.7473,0.85,163,272.9612,Nifty Midcap 150 - TRI,0.1,14.642325999241503,2.5119370149238067,1.676787987172757,13.725207734677491,15.957876895113433,14.874970869124105,-1.3599999999999999,-0.1285835137177391,-0.0126,13.774310475664473,15.264744717209721,4.862361759474505,39.9256,33.757245933014374,95.44589781690134,60.6379623014508,12.615355421288593,22.19258009416193,1.188417402445984,0,Very High
DSP Midcap Fund,M_DSPMU,DSP Investment Managers Private Limited,19672.9709,0.6,163,171.358,Nifty Midcap 150 - TRI,1,13.408516327151908,2.564133258316669,4.079153557415489,18.600342526087243,13.281105824617278,15.213688086116207,0.67,0.04762352359916264,0.005,15.317312640277342,15.264744717209721,3.6892356281484653,28.6789,33.757245933014374,95.58275766066429,66.49301351835987,15.666902653731869,13.422841488572532,0,0,Very High
Mirae Asset Midcap Fund,M_MIAI,Mirae Asset Investment Managers (India) Private Limited,19002.662800000002,0.5,85,42.837,Nifty Midcap 150 - TRI,1,17.063372776214027,2.990887889789146,8.73714938443965,19.736426476890312,17.434063587882598,,2.35,0.33812701755405467,0.0342,15.43160909691533,15.264744717209721,3.3399964550879395,37.975,33.757245933014374,99.02157028224484,72.91492537561628,12.534425964765319,13.572218941863234,0,0,Very High
Edelweiss Mid Cap Fund,M_EDME,Edelweiss Asset Management Limited,16848.5981,0.48,163,126.916,Nifty Midcap 150 - TRI,1,15.179235865323532,3.147680079321855,5.164770514488362,24.047740549398643,20.643431436421977,19.877539927715617,1.09,0.13493331686429413,0.0136,15.161742463186743,15.264744717209721,2.895510234829088,30.3416,33.757245933014374,94.42673987220338,60.887700799273034,22.79543601909526,10.743603053835075,0,0,Very High
HSBC Midcap Fund,M_LTIU,HSBC Global Asset Management (India) Private Limited,14249.2203,0.56,163,525.3825,Nifty Midcap 150 - TRI,1,23.90129449800029,15.181133517445142,17.499275389545225,27.678355439849668,20.443575780819323,18.471212834709473,5.81,0.847698720065095,0.0888,16.150724303262688,15.264744717209721,5.837056542470701,39.5431,33.757245933014374,98.89120529633466,51.371029753817474,26.54475206618849,20.97542347632874,0,0,Very High
Sundaram Mid Cap Fund,M_SUNIU,Sundaram Asset Management Company Limited,13686.658331999999,0.88,163,1615.8343,Nifty Midcap 150 - TRI,1,13.566805460565185,2.4173025409321407,6.406261122850003,22.265625012479195,19.31396331395334,15.629575378832538,0.69,0.2095435038363156,0.0216,15.187141675772963,15.264744717209721,3.2114129413702,35.1831,33.757245933014374,96.76042799925102,66.26618359537369,16.901740949961887,13.592503453915432,0,0,Very High
Invesco India Midcap Fund,M_INMI,Invesco Asset Management Company Pvt Ltd.,12396.753600000002,0.49,163,239.37,BSE 150 MidCap - TRI,1,23.450232078390922,7.693345930624913,10.01470723412078,26.90523919912242,21.90564647439639,20.340356687829363,7.35,0.4079748521661599,0.0431,16.860314804890212,15.264744717209721,8.115048421297313,49.3908,33.757245933014374,98.53711378114347,52.05972473309463,23.92140390690673,22.555985141142116,0,0,Very High
Franklin India Mid Cap Fund,M_FRRN,Franklin Templeton Asset Management (India) Private Limited,12230.875281952998,0.82,163,3127.4716,Nifty Midcap 150 - TRI,1,13.54257353305292,-1.412961323362466,-1.2482773154166038,18.41594360487313,15.61606736259633,15.159638017069321,-1.53,-0.3047905510346408,-0.0306,14.879176223165045,15.264744717209721,3.838456002092508,32.4207,33.757245933014374,95.99877691693004,63.89186390446289,13.723633698372366,18.383279314094807,0.204256640870684,0,Very High
UTI Mid Cap Fund,M_UTIMP,UTI Asset Management Company Private Limited,11604.659,0.91,163,343.8872,Nifty Midcap 150 - TRI,1,13.017623715194201,0.9128270288590934,0.1383177417692274,14.45121478974536,14.193969154871944,14.722120483466018,-0.91,-0.20001879911648307,-0.0202,14.961723664070261,15.264744717209721,3.057430215066241,32.7698,33.757245933014374,98.39471494683659,65.60982316754783,11.294882217715521,21.490009561573185,0,0,Very High
PGIM India Midcap Fund,M_PGDO,PGIM India Asset Management Private Limited,10821.6157,0.56,152,76.03,Nifty Midcap 150 - TRI,0.5,14.15915915915917,1.9989267507378519,-0.09198423127462968,13.009011137193704,13.672342318384011,17.176832403902132,-1.0699999999999998,-0.22224311012942563,-0.0227,15.290325976904482,15.264744717209721,3.755908561187293,34.6672,33.757245933014374,97.03401775762559,62.26244478446966,23.38376514331404,11.387807829841892,0.153476157908657,0,Very High
Quant Mid Cap Fund,M_QUTD,Quant Money Managers Limited,8109.12,1.1,163,250.4484,Nifty Midcap 150 - TRI,0.5,15.54035818893195,6.45645862645,0.8700373195343167,16.874323021691605,17.81203481987601,18.30201840172756,-0.9400000000000001,-0.2127184054095931,-0.0225,13.914006144888681,15.264744717209721,6.840325439626393,35.3878,33.757245933014374,95.49555438814565,67.36121305394418,19.23580240519316,8.89853892900833,3.913395041632137,0,Very High
ICICI Pru Midcap Fund,M_ICPID,ICICI Prudential Asset Management Company Limited,7789.3495799763,0.87,163,379.72,Nifty Midcap 150 - TRI,1,14.795332244996692,6.662921348314614,11.358104343235878,24.753789192357225,19.01068632758298,17.776434502641504,3.47,0.4555983757653225,0.0478,17.48577041482588,15.264744717209721,4.595670027319194,30.1321,33.757245933014374,97.9100016207413,68.72649436304143,18.94128367011216,10.242223587587752,0,0,Very High
Aditya Birla SL Midcap Fund,M_ADTMI,Aditya Birla Sun Life AMC Limited,6397.5211,0.87,163,935.73,Nifty Midcap 150 - TRI,1,17.50530558939133,3.591316188599459,5.8302608066230945,19.08491391460587,16.7270665713676,14.723674836842072,1.39,0.18255684046345674,0.0187,15.35699890994331,15.264744717209721,4.044824604355547,34.2919,33.757245933014374,98.32557957487624,65.21496271423,9.689731230429231,23.420885630216986,0,0,Very High
Tata Mid Cap Fund,M_TAMW,Tata Asset Management Private Limited,5731.7910265861,0.55,163,522.8859,Nifty Midcap 150 - TRI,0.5,12.70528207364343,1.0987950763617127,5.553784727051627,19.22887162204583,17.2393820101443,17.316554564654552,1.02,0.11429645663799032,0.0114,14.499775485158382,15.264744717209721,3.782895224560152,32.2552,33.757245933014374,98.0592326888729,68.22104786902878,20.437845597761225,9.400339222082874,0,0,Very High
WOC Mid Cap Fund,M_WOCD,WhiteOak Capital Asset Management Limited,5293.0446999999995,0.51,47,22.548,BSE 150 MidCap - TRI,0,17.811797899576774,6.499149820517654,11.15054717539188,24.915572310829216,,,7.1,0.5016344485778464,0.0517,14.387066479307032,15.264744717209721,7.235600685499443,31.2959,33.757245933014374,85.47971812025396,59.756684953513314,9.96680909863148,15.756224068109166,5.144658618151477,0,Very High
Mahindra Manulife Mid Cap Fund,M_MANC,Mahindra Manulife Investment Management Private Limited,4865.6927000000005,0.42,103,41.8003,Nifty Midcap 150 - TRI,1,16.574681164957557,8.126222231419499,9.600459374705014,23.67018065843989,20.172330047594265,,2.83,0.4047999505928824,0.0414,15.850696104587964,15.264744717209721,3.5654144667906422,32.1032,33.757245933014374,97.9118471661805,72.21911075477499,9.769640815993162,15.923095595412327,0,0,Very High
Canara Rob Mid Cap Fund,M_CAMR,Canara Robeco Asset Management Company Limited,4621.7909,0.52,44,19.05,BSE 150 MidCap - TRI,1,16.371411117898592,5.132450331125826,5.423353624792476,19.870767042024195,,,1.94,0.15398272630395918,0.016,15.618928289738705,15.264744717209721,3.478104673525511,34.0454,33.757245933014374,96.4337698618083,60.73164841793254,26.5609506479404,9.1411707959354,0,0,Very High
Baroda BNP Paribas Mid Cap Fund,M_BNMP,Baroda BNP Paribas Asset Management India Pvt. Ltd.,2460.7234,0.49,163,134.1265,Nifty Midcap 150 - TRI,1,14.827548715015974,6.599688768154528,11.01156162655672,21.199691241742347,17.63308381790658,17.165363140978318,3.02,0.4635356296985163,0.0464,14.526762148531242,15.264744717209721,4.294054377857831,28.9333,33.757245933014374,95.6778360379716,56.82981272905355,19.67861970996009,19.169403598957935,0.80998945269509,0,Very High
Bandhan Midcap Fund,M_IDCCL,Bandhan AMC Limited,2205.3955,0.49,48,19.704,BSE 150 MidCap - TRI,1,18.271308523409367,7.973039618609249,7.707445063955395,20.605126357466208,,,5.38,0.26351683058203323,0.0271,15.615753388165428,15.264744717209721,7.662624947105268,45.7282,33.757245933014374,95.78050606079061,57.97864293131018,25.897418038398648,11.904445091081772,0,0,Very High
Union Midcap Fund,M_UNIA,Union Asset Management Company Pvt. Ltd.,1771.2658,0.68,77,55.94,BSE 150 MidCap - TRI,1,16.17860851505711,5.806695668621146,8.117510630073435,19.744928043916875,17.7333953993601,,3.05,0.3270148620475834,0.0335,15.820534539641827,15.264744717209721,3.3320592011547454,37.2456,33.757245933014374,97.88639288355255,59.71791472516435,21.526865137914367,16.64161302047384,0.0446347465185632,0,Very High
Helios Mid Cap Fund,M_HEIP,Helios Capital Asset Management (India) Private Limited,1490.4119,0.66,17,13.89,Nifty Midcap 150 - TRI,1,23.138297872340438,7.841614906832295,15.943238731218697,,,,5.25,0.7572140252266859,0.0785,16.515837984189602,15.264744717209721,4.522647291133811,45.5407,33.757245933014374,98.89643259021214,55.524382219438806,12.21697169755555,31.155078673217773,0,0,Very High
ITI Mid Cap Fund,M_ITMA,ITI Asset Management Limited,1395.3727,0.57,65,25.2942,Nifty Midcap 150 - TRI,0.5,16.094475756852514,3.2323628082376343,7.876813108545554,23.52659180976968,17.36372247249993,,2.2800000000000002,0.3127278049678346,0.0313,16.045952551344527,15.264744717209721,2.851061612803203,28.1471,33.757245933014374,96.38222103671654,61.34686453303835,23.240808710103053,11.794547793575159,0,0,Very High
JM Midcap Fund,M_JMDL,JM Financial Asset Management Private Limited,1217.010252425,0.56,45,22.0835,Nifty Midcap 150 - TRI,1,22.246702131781888,10.81532702401622,9.230708353736647,24.021113422551267,,,2.8899999999999997,0.3809881887933011,0.0404,17.11589438153905,15.264744717209721,4.878236267340893,35.1235,33.757245933014374,98.99317739217194,57.25996839652304,12.441993874848762,29.29121512080016,0,0,Very High
Bank of India Mid Cap Fund,M_BANOU,Bank of India Investment Managers Private Limited,721.556,1.07,12,10.36,Nifty Midcap 150 - TRI,1,13.347921225382919,5.284552845528451,,,,,-0.38,0.05556077753235641,0.0057,15.11411893958758,15.264744717209721,5.571952261102028,29.1004,33.757245933014374,96.00007483826619,66.71949231937649,15.236059294081127,14.044523224808605,0.334637921381015,0,Very High
LIC MF Midcap Fund,M_IDIC,LIC Mutual Fund Asset Management Limited,357.1064,1.13,115,34.1046,Nifty Midcap 150 - TRI,1,17.3431048720066,4.083108765911726,2.568683177696562,18.957320465710215,14.967491330954719,,0.16,-0.03651136809269135,-0.0038,15.985629421452256,15.264744717209721,3.840043452879147,35.7452,33.757245933014374,95.23228931209297,56.05404999742375,11.85957462537775,27.318664689291488,0,0,Very High
TRUSTMF Mid Cap Fund,M_TRFS,Trust Asset Management Private Limited,241.2012,0.52,5,11.75,Nifty Midcap 150 - TRI,1,18.447580645161292,,,,,,13.309999999999999,4.254368108191862,0.5317,13.650489314306649,15.264744717209721,8.19442096062925,40.7052,33.757245933014374,95.00752898410123,62.38397653079672,13.177919512838235,19.445632940466307,0,0,Very High
Taurus Mid Cap Fund,M_TACV,Taurus Asset Management Company Limited,124.78469999999999,1.69,163,124.96,Nifty Midcap 150 - TRI,1,11.213955144179419,-2.06896551724138,-5.412156536219832,11.072854630943741,11.806924694159736,14.590478845188514,-3.2099999999999995,-0.5413207182438152,-0.0533,16.26025840754076,15.264744717209721,5.386220519065294,18.7578,33.757245933014374,96.0144152287901,58.71264666261168,11.041818428060491,26.2599501381179,0,0,Very High
Samco Mid Cap Fund,M_SACF,Samco Asset Management Pvt. Ltd.,75.7923,1.74,6,10.07,Nifty Midcap 150 - TRI,1,11.764705882352947,,,,,,0.67,-0.0174619586530263,-0.0018,21.036897824536773,15.264744717209721,5.935478491242303,16.9799,33.757245933014374,98.98366984508982,75.51624637331234,18.83146440997305,4.63595906180443,0,0,Very High
