name,mfId,slug,ret3m,ret6m,ret1y,ret3y,ret5y,ret10y,alpha,sharpe,sortino,stdDevAnn,catStdDevAnn,trackErr,pe,catPe,percEquityH,percMidcap,percLargecap,percSmallcap,percDebtH,percOtherH,aum,expRatio,ageInMon,navClose,exitLoad,benchmarkIndex,riskClassification
ICICI Pru Multi-Asset Fund,M_ICPPP,/mutualfunds/icici-pru-multi-asset-fund-M_ICPPP,0.408682070992354,-0.2627104876273046,7.719641628554573,15.729851167142117,17.90132987926132,15.90409762079501,2.48,0.29050349395489206,0.0294,9.79933370592103,10.717063993328148,5.708473028752961,20.0005,23.354202884615404,67.22577159777597,14.83219629389974,45.38793009094371,6.8970138707991495,14.054794074269385,0,83883.5129940781,0.79,163,895.0941,1,NIFTY 200 - TRI,Very High
SBI Multi Asset Allocation Fund,M_SBTO,/mutualfunds/sbi-multi-asset-allocation-fund-M_SBTO,1.0292669342733525,0.032414649269446455,12.284314539566537,16.20789018083888,14.185600769096007,12.257802094023296,3.2199999999999998,0.9334210625435876,0.0918,9.007195763388292,10.717063993328148,8.29443036018749,19.601,23.354202884615404,46.76621950378326,11.904046373289164,16.469050071444258,18.393123059049834,32.829120949951815,0,19354.245,0.74,161,74.3732,1,BSE 500 - TRI,Very High
Nippon India Multi Asset Allocation Fund,M_NIPU,/mutualfunds/nippon-india-multi-asset-allocation-fund-M_NIPU,1.3597436909714844,1.1064326068188401,15.030759421688412,19.17382545214337,16.4373813105668,,2.5,0.8762728342245925,0.0856,11.12485511276439,10.717063993328148,10.91054925656816,26.0337,23.354202884615404,56.23554602447589,12.10112780934368,38.10501098057335,6.029407234558863,19.6284342878335,0,16000.1549,0.43,72,26.7014,1,BSE 500 - TRI,Very High
Kotak Multi Asset Allocation Fund,M_KOTUU,/mutualfunds/kotak-multi-asset-allocation-fund-M_KOTUU,-0.3295093971198562,-2.669526874031703,20.13827596351868,,,,7.46,0.9508830211966139,0.0887,15.363348713089865,10.717063993328148,10.17238464078114,17.114,23.354202884615404,70.58096043683213,17.487091718347518,39.8219041413815,13.271964577103102,10.461501020661972,0,14308.5079,0.6,35,16.334,1,NIFTY 500 - TRI,Very High
DSP Multi Asset Allocation Fund,M_DSPUI,/mutualfunds/dsp-multi-asset-allocation-fund-M_DSPUI,0.7925903982298209,0.04680748919826923,17.32194253464037,,,,6.09,1.1651888773928458,0.1179,10.724817514531425,10.717063993328148,9.335798076222513,18.5967,23.354202884615404,45.17399473818031,5.647028283552264,28.3737951493242,3.469986967269656,14.058892843936748,0,10105.1734,0.49,35,16.6718,1,NIFTY 500 - TRI,High
WOC Multi Asset Allocation Fund,M_WOMT,/mutualfunds/woc-multi-asset-allocation-fund-M_WOMT,2.697147128441509,4.183254344391779,13.312714776632285,16.683466754285558,,,2.07,1.1969378931256207,0.1199,6.89588621715875,10.717063993328148,6.619669780283606,25.5816,23.354202884615404,26.436048573927206,3.7952791215320145,18.54509327754589,3.935397854277317,29.64313252606953,0,7762.559499999999,0.67,39,16.487,0,CRISIL Short Term Bond Index,High
Aditya Birla SL Multi Asset Allocation Fund,M_ADYUO,/mutualfunds/aditya-birla-sl-multi-asset-allocation-fund-M_ADYUO,2.4086884418905465,0.6754907996443039,14.768724900250838,16.5145603375217,,,5.92,0.8905598913043412,0.0872,12.574197680965574,10.717063993328148,7.738822584863928,27.6636,23.354202884615404,67.77023107904313,18.653755130492616,41.2081447801299,7.908331168420617,11.311262064163081,0,6989.1193,0.68,43,17.6613,1,BSE 200,Very High
UTI Multi Asset Allocation Fund,M_UTIMA,/mutualfunds/uti-multi-asset-allocation-fund-M_UTIMA,1.7233165104542136,-0.46369770702162144,7.6355584741821545,16.473354652100667,14.445841801671166,11.311386723019613,1.48,0.36352623014027474,0.0361,11.391546844919702,10.717063993328148,10.602583803960242,25.4424,23.354202884615404,66.44711385197353,15.373077693130883,48.46963549943532,2.6044006594073417,10.44046578825512,0,6890.1265,0.88,163,88.1814,1,BSE 200 - TRI,Very High
HDFC Multi-Asset Allocation Fund,M_HDCUU,/mutualfunds/hdfc-multi-asset-allocation-fund-M_HDCUU,0.5852502573186255,-1.3718725062197776,5.5458575608776055,12.441665844955363,12.074955199117031,11.763371242509812,2.42,0.20001879911648307,0.0199,9.038944779121069,10.717063993328148,6.478386660272757,21.3559,23.354202884615404,67.98733119645267,7.141914219925374,53.2547445528263,7.590672423701005,14.565332470229315,0,5881.4078,1.04,163,84.043,1,NIFTY 50 - TRI,Very High
Quant Multi Asset Allocation Fund,M_QUNS,/mutualfunds/quant-multi-asset-allocation-fund-M_QUNS,4.163651899573685,5.2617923782075104,19.891114759984635,22.71009952025551,20.31765522517679,18.998745816892537,7.049999999999999,1.5160155012400105,0.1665,9.891405851546079,10.717063993328148,8.842100881577863,22.4821,23.354202884615404,52.65804758308152,4.5115238867272485,44.62339765844732,3.5231260379069522,10.45492189097284,0,5615.034100000001,1.16,163,182.9771,1,NIFTY 500 - TRI,High
Tata Multi Asset Allocation Fund,M_TATI,/mutualfunds/tata-multi-asset-allocation-fund-M_TATI,1.9009711483040248,0.7537634408602156,9.111551882746122,14.129174536977507,13.667646786360542,,3.56,0.43496151553901874,0.0434,10.123173666395338,10.717063993328148,6.079936512826429,19.8953,23.354202884615404,66.18832853895208,12.898277431428868,40.203248560804404,13.086802546718816,9.183698655856652,0,5154.5386857627,0.61,77,28.1103,0.5,BSE 200,Very High
Bandhan Multi Asset Allocation Fund,M_BANHP,/mutualfunds/bandhan-multi-asset-allocation-fund-M_BANHP,2.3800373147365272,2.0129228112684774,15.136107880426255,,,,4.49,0.9492955704099751,0.0941,10.294618351352321,10.717063993328148,7.248300291792553,21.578,23.354202884615404,67.12288587450969,13.728107787731686,38.517694031473496,14.877084055304456,8.372054090600997,0,3490.6726215265203,0.79,31,14.6513,0.5,NIFTY 500 - TRI,Very High
Mirae Asset Multi Asset Allocation Fund,M_MIUD,/mutualfunds/mirae-asset-multi-asset-allocation-fund-M_MIUD,0.6647398843930674,0.9126466753585487,12.029591508523644,,,,4.06,0.814362253545681,0.0815,10.113648961675505,10.717063993328148,7.22607598077961,23.7519,23.354202884615404,68.75773527950449,12.004371763552733,47.64052681395366,8.644738635638655,15.028448980484875,0,3478.1387,0.6,31,13.932,1,NIFTY 500 - TRI,Very High
Sundaram Multi Asset Allocation Fund,M_SUDUO,/mutualfunds/sundaram-multi-asset-allocation-fund-M_SUDUO,-0.6726902463590174,-3.1574571180767115,8.129781989307556,,,,2.29,0.3762258364333848,0.0379,13.017096450437785,10.717063993328148,7.6562751439587124,28.2604,23.354202884615404,69.4471911218297,13.102870569128164,45.58848386039504,10.755836692306481,10.216267816076943,0,3268.2164470000002,0.7,31,13.5106,1,NIFTY 500 - TRI,Moderately High
HSBC Multi Asset Allocation Fund,M_HSAO,/mutualfunds/hsbc-multi-asset-allocation-fund-M_HSAO,1.7260591072802167,2.373700469531114,16.004000590251017,,,,7.01,0.9334210625435876,0.0898,13.347286214058647,10.717063993328148,9.540579227698913,26.9341,23.354202884615404,76.19657557870512,30.025937442885766,41.10666510683956,5.063973028979793,10.635075146491149,0,3040.5078999999996,1.16,30,14.1504,1,BSE 200 - TRI,Very High
Edelweiss Multi Asset Allocation Fund,M_EDMU,/mutualfunds/edelweiss-multi-asset-allocation-fund-M_EDMU,1.9426516912163676,4.844552896987663,6.576251672000133,7.732432643969944,,,0.52,0.8603983263582049,0.0975,2.6081816424474735,10.717063993328148,2.5192843983957034,11.8571,23.354202884615404,22.111512158154213,7.048415268486462,15.063096889667758,0,52.015460764586706,0,2863.1443,0.81,38,12.589,0.25,CRISIL Short Term Bond Index,Low
Franklin India Multi Asset Allocation Fund,M_FRANS,/mutualfunds/franklin-india-multi-asset-allocation-fund-M_FRANS,-0.03618632337909096,-0.7918765319040096,,,,,3.73,0.5444956198170927,0.0538,12.444026716461197,10.717063993328148,7.278461856738689,25.4712,23.354202884615404,68.8829379822148,3.853579497437279,52.46010722877145,12.569251256006087,13.228771753570726,0,2825.726998299,0.43,13,11.0499,0.5,NIFTY 500 - TRI,Very High
Axis Multi Asset Allocation Fund,M_AXPU,/mutualfunds/axis-multi-asset-allocation-fund-M_AXPU,1.8651270478590882,-1.4065835979266228,12.258977191248563,13.836101748702712,10.762980215856622,11.75961818974056,3.5900000000000003,0.6937159937611357,0.0672,12.369416529489175,10.717063993328148,7.438794386189204,27.0485,23.354202884615404,63.930946702205716,13.778129559204528,42.21560024282341,7.355624443793565,14.929887904518868,0,2384.1193,1.44,163,52.1361,1,NIFTY 500 - TRI,Very High
Bajaj Finserv Multi Asset Allocation Fund,M_BAJAO,/mutualfunds/bajaj-finserv-multi-asset-allocation-fund-M_BAJAO,0.8195341004771248,-2.7144349440941022,11.898574200323965,,,,5.489999999999999,0.6857787398279419,0.0656,12.450376519607751,10.717063993328148,7.988052358366212,22.4769,23.354202884615404,67.29699692244428,9.912486148653212,44.998921378524,12.385589395267072,6.603801734133695,0,1875.449398,0.75,26,12.5727,1,NIFTY 50 - TRI,Very High
Baroda BNP Paribas Multi Asset Fund,M_BABL,/mutualfunds/baroda-bnp-paribas-multi-asset-fund-M_BABL,0.09445226596331492,1.1927068319400345,9.689935096638946,15.272609767389756,,,3.4299999999999997,0.5254462103774277,0.0528,11.963029128109655,10.717063993328148,6.778414858947481,25.5037,23.354202884615404,67.72112900679375,12.293516937120316,49.227396735312084,6.200215334361341,11.572051435825081,0,1446.6804000000002,0.93,44,16.8498,1,NIFTY 500 - TRI,Very High
Canara Rob Multi Asset Allocation Fund,M_CAUS,/mutualfunds/canara-rob-multi-asset-allocation-fund-M_CAUS,1.9945602901178663,0.896860986547082,10.728346456692911,,,,4.09,0.6302179622955855,0.0633,11.03754531949926,10.717063993328148,7.141941089087757,34.2932,23.354202884615404,72.56594370568973,17.59165993429882,48.99476961825772,5.979514153133211,10.656344800142657,0,1306.0041,0.95,15,11.25,1,BSE 200 - TRI,Very High
Mahindra Manulife Multi Asset Allocation Fund,M_MAAO,/mutualfunds/mahindra-manulife-multi-asset-allocation-fund-M_MAAO,2.3408992960781423,1.7191281564349519,15.758471925448685,,,,5.42,1.1461394679531807,0.1145,10.23429522146005,10.717063993328148,7.803908067116116,24.8996,23.354202884615404,55.53742776053424,7.927114281087334,37.67627601890698,9.934037460539917,22.21419308229102,0,1151.6385,0.36,29,14.2479,0.5,NIFTY 500 - TRI,Very High
Invesco India Multi Asset Allocation Fund,M_INVIP,/mutualfunds/invesco-india-multi-asset-allocation-fund-M_INVIP,1.5285599356395776,-0.3159557661927403,15.356489945155392,,,,5.29,0.9873943892893052,0.0961,11.350273124467094,10.717063993328148,8.907186363830052,20.0474,23.354202884615404,37.368821441197625,1.0119371590262365,36.34826997470271,0.00861430746867555,15.945642034271822,0,1127.1945,0.53,20,12.62,1,NIFTY 200 - TRI,Very High
Union Multi Asset Allocation Fund,M_UNUN,/mutualfunds/union-multi-asset-allocation-fund-M_UNUN,0.48939641109298937,-0.725221595487509,14.391829155060359,,,,6.5600000000000005,0.8461112692784561,0.0845,13.021858802797704,10.717063993328148,8.145209986243449,28.9355,23.354202884615404,69.54215780857506,13.620822825868217,40.54064440652962,15.380690576177207,9.295847460684712,0,978.3917,1.28,23,12.32,1,NIFTY 50 - TRI,Very High
LIC MF Multi Asset Allocation Fund,M_LIEG,/mutualfunds/lic-mf-multi-asset-allocation-fund-M_LIEG,0.590337241470161,-0.7933414535119747,8.0402543309663,,,,3.1199999999999997,0.368288582500191,0.0369,14.110850042431888,10.717063993328148,7.829307279702337,19.4768,23.354202884615404,67.73416448902756,15.08575123657221,40.051428897395944,12.596984355059414,11.96053156169569,0,963.6160000000001,1.04,18,12.2173,1,NIFTY 500 - TRI,Very High
360 ONE Multi Asset Allocation Fund,M_360P,/mutualfunds/360-one-multi-asset-allocation-fund-M_360P,1.5581229591075654,1.0947851267624211,,,,,9.8,1.4779166823606804,0.1465,12.691669039176842,10.717063993328148,12.469425929047416,28.7019,23.354202884615404,23.512393157746587,4.162627920702057,14.446995963722589,4.902769273321935,33.151043949444066,0,467.77535071441,0.6,12,12.2538,1,Gold-India,High
Samco Multi Asset Allocation Fund,M_SACM,/mutualfunds/samco-multi-asset-allocation-fund-M_SACM,-0.7293354943273894,-3.3149171270718227,3.462837837837839,,,,1.4500000000000002,-0.05397332674571765,-0.0052,12.113836952840336,10.717063993328148,12.134473813066638,22.425,23.354202884615404,68.60267108680817,36.74405812057264,15.106218357521824,16.126573323335396,11.138054874653,0,410.4846,2.49,20,12.25,1,NIFTY 50 - TRI,Very High
Groww Multi Asset Allocation Fund,M_GRMO,/mutualfunds/groww-multi-asset-allocation-fund-M_GRMO,0.07323503564105345,-2.751814774398642,,,,,0.51,-0.04286117123924637,-0.0041,12.825014905254497,10.717063993328148,8.251569188948245,23.1915,23.354202884615404,60.99773606859301,24.14179161944758,36.72044614789235,0.13549830125305629,9.147309874709693,0,403.467270766,0.95,11,10.2485,1,NIFTY 500 - TRI,Very High
Bank of India Multi Asset Allocation Fund,M_BANKD,/mutualfunds/bank-of-india-multi-asset-allocation-fund-M_BANKD,1.6267339218158778,3.545358912381851,11.954851313219008,,,,3.7800000000000002,0.9000845960241738,0.0884,8.823051472138197,10.717063993328148,8.835751078431306,22.8852,23.354202884615404,42.482198978286775,5.633103882406189,23.91191760274365,12.937177493136911,39.872588798111956,0,364.7403,1.02,30,12.8944,1,NIFTY 500 - TRI,Very High
PGIM India Multi Asset Allocation Fund,M_PGTS,/mutualfunds/pgim-india-multi-asset-allocation-fund-M_PGTS,1.539942252165545,-0.6591337099811536,,,,,4.9399999999999995,0.25875447822211695,0.025,14.334680603347953,10.717063993328148,9.77552194412145,29.1352,23.354202884615404,55.98611926752441,19.23086505436622,33.158649653871464,2.693395974587581,9.870054989055577,0,280.965,0.82,9,10.55,0.5,NIFTY 500 - TRI,Very High
The Wealth Company Multi Asset Allocation Fund,M_THWY,/mutualfunds/the-wealth-company-multi-asset-allocation-fund-M_THWY,1.20960138778896,1.9371195791512648,,,,,5.96,0.5778320863365066,0.055,14.391828831666947,10.717063993328148,11.161366480857081,19.4473,23.354202884615404,57.03325775246578,18.216938671682474,27.24668512074123,11.56963396004208,22.939269107088062,0,176.038910939,0.88,8,10.7351,1,Nifty Short Duration Debt Index,Very High
Shriram Multi Asset Allocation Fund,M_SHRS,/mutualfunds/shriram-multi-asset-allocation-fund-M_SHRS,0.8504720778745458,-1.2491489590425382,9.810171976857239,,,,4.75,0.5778320863365066,0.0575,11.64871387235518,10.717063993328148,6.937159937611357,21.4753,23.354202884615404,66.72303890617282,4.022423571010366,52.193351280608894,10.507264054553595,7.797306760650695,0,139.37120000000002,0.62,35,13.7792,1,NIFTY 50 - TRI,Very High
Quantum Multi Asset Allocation Fund,M_QUUC,/mutualfunds/quantum-multi-asset-allocation-fund-M_QUUC,0.2454991816693892,-3.39116719242902,4.790419161676652,,,,2.15,0.13017096450437787,0.0127,9.39453375532815,10.717063993328148,7.2673497012322175,19.945,23.354202884615404,51.76894033213763,8.140353794911558,36.22791426243539,7.400672274790683,30.79908319570331,0,57.03810000000001,0.48,29,12.25,1,NIFTY Composite Debt Index,High
Capitalmind Multi Asset Allocation Fund,M_CAPS,/mutualfunds/capitalmind-multi-asset-allocation-fund-M_CAPS,-2.980138929654639,,,,,,-4.19,-0.976282233782834,-0.0976,6.873661906145807,10.717063993328148,13.453645416763445,11.7864,23.354202884615404,55.66063537689306,18.793438156935093,33.564020335492735,0.0965292376335321,15.91928010639668,0,37.2944,0.82,5,9.9164,1,NIFTY 500 - TRI,Very High
JM Multi Asset Allocation Fund,M_JMTS,/mutualfunds/jm-multi-asset-allocation-fund-M_JMTS,,,,,,,1.3599999999999999,-1.1667763281794845,-0.2357,8.211882919282276,10.717063993328148,5.714822831899515,,23.354202884615404,0,0,0,0,0,0,,,1,9.9872,1,NIFTY 500 - TRI,High
